{"cameraMode":{"drawMode":0,"name":"Shaded","section":"Shading Mode"},"sceneLighting":false,"audioPlay":false,"sceneViewState":{"showFog":true,"showMaterialUpdate":false,"showSkybox":false,"showFlares":true,"showImageEffects":true,"showParticleSystems":true},"in2DMode":false,"pivot":{"x":0.0,"y":3.4000000953674318,"z":11.140000343322754},"rotation":{"x":0.7695237994194031,"y":0.014362498186528683,"z":-0.01731717400252819,"w":0.6382244825363159},"size":1.368320107460022,"orthographic":true}